,average_stars,review_count,compliment_cool,compliment_cute,compliment_funny,compliment_hot,compliment_list,compliment_more,compliment_note,compliment_photos,compliment_plain,cool,fans,funny,rev_length,rev_stars,rev_use,friend_count,friend_label,rev_count_label,buss_star,buss_review,alpha_length,length_lemmatize,NN,NNP,NNS,PDT,POS,PRP,PRP$,RB,RBR,RBS,RP,VB,VBD,VBG,VBN,VBP,VBZ,WDT,WP,WRB,Faker
0,4.67,8,0,0,0,0,0,0,0,0,1,0,0,0,520,5,3,9,1,1,4.0,217.0,98,46,22,0.0,3.0,0.0,1.0,8.0,3.0,8.0,0.0,0.0,0.0,5.0,5.0,0.0,4.0,1.0,3.0,1.0,0.0,1.0,1
1,1.0,1,0,0,0,0,0,0,0,0,0,0,0,0,823,1,2,0,0,0,4.0,1694.0,139,72,30,0.0,8.0,0.0,0.0,5.0,9.0,9.0,0.0,0.0,0.0,7.0,11.0,1.0,4.0,3.0,1.0,1.0,0.0,1.0,1
2,1.67,2,0,0,0,0,0,0,0,0,0,0,0,0,240,3,1,0,0,1,2.0,180.0,46,18,10,0.0,3.0,0.0,0.0,4.0,1.0,0.0,0.0,0.0,0.0,2.0,6.0,0.0,2.0,2.0,1.0,0.0,1.0,0.0,1
3,3.0,2,0,0,0,0,0,0,0,0,0,1,0,0,174,4,0,0,0,1,3.0,70.0,35,18,6,0.0,3.0,0.0,0.0,4.0,1.0,4.0,0.0,0.0,0.0,2.0,2.0,0.0,0.0,1.0,1.0,0.0,0.0,0.0,1
4,3.73,48,1,0,1,2,0,0,1,0,1,2,3,6,1511,3,0,261,3,2,4.5,145.0,279,137,55,0.0,9.0,0.0,0.0,13.0,4.0,17.0,1.0,0.0,0.0,14.0,15.0,3.0,10.0,6.0,16.0,1.0,2.0,1.0,1
5,5.0,1,0,0,0,0,0,0,0,0,0,0,0,0,47,5,0,0,0,0,3.5,85.0,9,7,3,0.0,0.0,0.0,0.0,0.0,1.0,0.0,0.0,0.0,0.0,0.0,0.0,0.0,0.0,0.0,1.0,0.0,0.0,0.0,1
6,5.0,1,0,0,0,0,0,0,0,0,0,0,0,0,439,5,0,0,0,0,4.0,106.0,88,38,17,0.0,2.0,0.0,0.0,4.0,3.0,4.0,0.0,0.0,0.0,6.0,9.0,0.0,2.0,2.0,1.0,1.0,0.0,0.0,1
7,5.0,2,0,0,0,0,0,0,0,0,0,0,0,0,305,5,0,0,0,1,3.5,49.0,56,27,10,0.0,6.0,1.0,0.0,0.0,3.0,2.0,0.0,0.0,1.0,2.0,3.0,1.0,1.0,2.0,1.0,0.0,0.0,0.0,1
8,3.96,50,7,0,7,2,0,4,9,0,7,5,1,12,873,5,3,98,2,2,4.0,3.0,163,78,37,0.0,9.0,1.0,0.0,13.0,5.0,8.0,0.0,0.0,1.0,8.0,12.0,3.0,3.0,5.0,4.0,0.0,0.0,3.0,1
9,2.0,3,0,0,0,0,0,0,0,0,0,0,0,0,295,4,0,0,0,1,3.5,34.0,58,24,7,0.0,2.0,0.0,0.0,7.0,1.0,5.0,0.0,0.0,0.0,3.0,5.0,0.0,0.0,2.0,1.0,0.0,0.0,0.0,1
10,3.3,62,1,0,1,0,0,1,1,0,0,0,2,0,152,1,7,0,0,3,4.0,142.0,27,17,4,0.0,3.0,0.0,0.0,0.0,0.0,3.0,0.0,0.0,0.0,1.0,1.0,0.0,1.0,5.0,0.0,0.0,0.0,0.0,1
11,5.0,2,0,0,0,0,0,0,0,0,0,0,0,0,353,5,3,0,0,1,4.0,820.0,65,28,13,0.0,1.0,0.0,1.0,2.0,0.0,6.0,0.0,0.0,1.0,2.0,6.0,0.0,2.0,2.0,1.0,0.0,0.0,0.0,1
12,4.0,4,0,0,0,0,0,0,0,0,0,0,0,0,863,5,0,0,0,1,5.0,227.0,153,76,30,0.0,6.0,0.0,0.0,11.0,9.0,13.0,0.0,0.0,0.0,8.0,17.0,1.0,2.0,3.0,3.0,1.0,0.0,1.0,1
13,4.0,6,0,0,0,0,0,0,0,0,0,0,0,0,251,5,0,0,0,1,4.5,132.0,48,22,9,0.0,2.0,0.0,1.0,3.0,1.0,2.0,0.0,0.0,0.0,4.0,3.0,0.0,1.0,2.0,0.0,0.0,0.0,0.0,1
14,3.71,7,0,0,0,0,0,0,0,0,0,0,0,0,389,3,0,0,0,1,2.0,11.0,69,33,17,0.0,3.0,0.0,0.0,1.0,2.0,6.0,0.0,0.0,0.0,1.0,7.0,0.0,0.0,0.0,0.0,0.0,0.0,0.0,1
15,4.17,6,0,0,0,0,0,0,0,0,0,0,0,0,1820,4,1,0,0,1,4.5,73.0,350,151,67,0.0,13.0,0.0,0.0,20.0,10.0,38.0,0.0,0.0,1.0,19.0,31.0,8.0,4.0,8.0,3.0,0.0,1.0,0.0,1
16,2.86,7,0,0,0,0,0,0,0,0,0,0,0,0,1690,1,1,0,0,1,3.5,83.0,326,165,66,0.0,19.0,0.0,0.0,6.0,10.0,28.0,1.0,0.0,2.0,12.0,25.0,5.0,7.0,13.0,2.0,2.0,0.0,3.0,1
17,1.0,1,0,0,0,0,0,0,0,0,0,0,0,0,768,1,0,0,0,0,4.5,179.0,147,60,25,0.0,5.0,0.0,0.0,11.0,2.0,15.0,3.0,0.0,0.0,8.0,0.0,1.0,9.0,10.0,6.0,0.0,0.0,4.0,1
18,5.0,1,0,0,0,0,0,0,0,0,0,0,0,0,861,5,0,0,0,0,3.0,14.0,160,76,23,0.0,12.0,0.0,0.0,11.0,2.0,18.0,2.0,1.0,0.0,7.0,19.0,3.0,4.0,4.0,0.0,0.0,0.0,0.0,1
19,4.13,21,0,0,0,0,0,0,0,0,0,0,0,0,261,4,0,0,0,2,2.5,18.0,43,27,9,0.0,3.0,0.0,1.0,2.0,2.0,2.0,0.0,0.0,0.0,2.0,2.0,1.0,1.0,3.0,1.0,0.0,0.0,0.0,1
20,2.39,19,0,0,0,0,0,0,0,0,0,0,0,0,186,1,2,0,0,1,5.0,3.0,34,18,8,0.0,4.0,0.0,0.0,0.0,1.0,1.0,0.0,0.0,0.0,2.0,0.0,0.0,0.0,1.0,1.0,0.0,0.0,0.0,1
21,3.0,2,0,0,0,0,0,0,0,0,0,0,0,0,1528,1,2,0,0,1,4.0,242.0,277,134,51,0.0,9.0,0.0,0.0,19.0,5.0,26.0,0.0,1.0,1.0,9.0,31.0,5.0,9.0,2.0,1.0,0.0,0.0,2.0,1
22,2.65,14,0,0,0,0,0,0,1,0,0,2,0,3,415,1,1,0,0,1,3.5,213.0,67,34,14,0.0,2.0,0.0,1.0,3.0,2.0,11.0,0.0,0.0,0.0,5.0,1.0,4.0,0.0,2.0,0.0,0.0,1.0,0.0,1
23,5.0,1,0,0,0,0,0,0,0,0,0,0,0,0,223,5,0,118,3,0,1.0,10.0,47,22,8,0.0,2.0,0.0,0.0,2.0,1.0,3.0,0.0,0.0,0.0,3.0,3.0,2.0,0.0,3.0,1.0,0.0,0.0,0.0,1
24,4.27,34,8,0,8,2,0,0,4,10,5,15,9,9,468,5,1,330,3,2,4.0,158.0,80,42,20,0.0,4.0,1.0,1.0,4.0,3.0,5.0,1.0,0.0,0.0,4.0,11.0,1.0,1.0,1.0,0.0,0.0,2.0,0.0,1
25,2.0,6,0,0,0,0,0,0,0,0,0,0,0,0,153,3,0,0,0,1,4.5,829.0,29,17,8,0.0,0.0,0.0,1.0,1.0,2.0,1.0,0.0,0.0,0.0,3.0,0.0,1.0,1.0,0.0,3.0,0.0,0.0,0.0,1
26,3.19,16,0,0,0,0,0,0,0,0,0,0,0,0,319,5,0,0,0,1,4.5,116.0,50,27,15,0.0,2.0,0.0,0.0,1.0,0.0,0.0,0.0,0.0,0.0,0.0,4.0,0.0,0.0,0.0,2.0,1.0,0.0,0.0,1
27,3.81,24,0,0,0,0,0,0,0,0,1,0,0,2,267,5,0,0,0,2,4.5,262.0,51,29,11,0.0,3.0,0.0,0.0,1.0,1.0,8.0,0.0,0.0,0.0,2.0,5.0,1.0,0.0,2.0,0.0,0.0,0.0,0.0,1
28,1.0,5,0,0,0,0,0,0,0,0,0,0,0,0,1537,1,5,0,0,1,3.0,44.0,281,135,69,0.0,14.0,0.0,1.0,13.0,5.0,12.0,1.0,0.0,0.0,13.0,22.0,5.0,4.0,9.0,2.0,0.0,1.0,1.0,1
29,3.0,2,0,0,0,0,0,0,0,0,0,0,0,0,468,1,3,0,0,1,4.0,9.0,82,40,17,0.0,3.0,0.0,0.0,3.0,4.0,10.0,0.0,0.0,0.0,3.0,0.0,2.0,4.0,3.0,3.0,1.0,0.0,1.0,1
30,5.0,3,0,0,0,0,0,0,0,0,0,0,0,0,562,5,0,0,0,1,4.0,142.0,100,46,14,0.0,6.0,0.0,0.0,4.0,2.0,12.0,0.0,0.0,1.0,4.0,7.0,1.0,2.0,5.0,3.0,0.0,0.0,0.0,1
31,5.0,1,0,0,0,0,0,0,0,0,0,0,0,0,727,5,0,0,0,0,4.0,87.0,121,61,25,0.0,7.0,0.0,0.0,3.0,2.0,11.0,0.0,0.0,2.0,5.0,8.0,0.0,3.0,1.0,1.0,0.0,0.0,0.0,1
32,5.0,2,0,0,0,0,0,0,0,0,0,0,0,0,238,5,0,0,0,1,3.5,55.0,37,20,9,0.0,0.0,0.0,0.0,0.0,2.0,6.0,0.0,0.0,0.0,4.0,1.0,0.0,1.0,2.0,0.0,0.0,0.0,0.0,1
33,3.0,3,0,0,0,0,0,0,0,0,0,0,0,0,1636,1,0,0,0,1,2.0,15.0,306,126,52,0.0,6.0,0.0,0.0,20.0,8.0,21.0,0.0,0.0,5.0,14.0,27.0,8.0,12.0,2.0,4.0,2.0,4.0,0.0,1
34,5.0,1,0,0,0,0,0,0,0,0,0,0,0,0,248,5,0,0,0,0,3.5,397.0,45,22,7,0.0,4.0,0.0,0.0,3.0,2.0,2.0,0.0,0.0,0.0,4.0,4.0,0.0,1.0,2.0,0.0,0.0,1.0,0.0,1
35,2.95,20,0,0,0,0,0,0,0,0,1,0,2,0,418,3,7,0,0,1,4.5,1267.0,83,31,16,0.0,2.0,0.0,0.0,2.0,2.0,13.0,0.0,0.0,0.0,3.0,11.0,1.0,1.0,1.0,0.0,0.0,0.0,1.0,1
36,4.3,27,2,0,2,2,0,0,1,3,2,4,3,6,577,5,3,82,2,2,2.5,27.0,116,55,29,0.0,1.0,0.0,1.0,7.0,2.0,7.0,0.0,0.0,0.0,4.0,8.0,2.0,2.0,4.0,1.0,0.0,1.0,0.0,1
37,2.25,4,0,0,0,0,0,0,0,0,0,0,0,0,836,1,1,0,0,1,4.0,100.0,146,71,38,0.0,5.0,0.0,0.0,2.0,4.0,10.0,0.0,0.0,0.0,8.0,10.0,3.0,1.0,1.0,2.0,0.0,0.0,1.0,1
38,4.2,5,0,0,0,0,0,0,0,0,0,0,0,0,389,5,0,0,0,1,4.5,84.0,64,36,14,0.0,1.0,0.0,0.0,5.0,3.0,5.0,0.0,0.0,0.0,5.0,3.0,1.0,1.0,1.0,4.0,0.0,0.0,0.0,1
39,4.71,7,0,0,0,0,0,0,1,0,1,0,77,0,414,5,0,0,0,1,5.0,203.0,77,37,20,0.0,2.0,0.0,0.0,2.0,2.0,5.0,0.0,0.0,1.0,7.0,4.0,0.0,0.0,3.0,3.0,1.0,0.0,0.0,1
40,5.0,1,0,0,0,0,0,0,0,0,1,0,0,0,660,5,0,208,3,0,2.5,91.0,124,51,20,0.0,6.0,1.0,0.0,7.0,6.0,8.0,0.0,0.0,0.0,6.0,6.0,1.0,3.0,3.0,5.0,1.0,1.0,0.0,1
41,4.93,14,1,0,1,3,0,1,0,0,2,1,13,0,324,4,1,428,3,1,5.0,3.0,65,30,13,0.0,2.0,0.0,0.0,2.0,3.0,8.0,0.0,0.0,2.0,6.0,5.0,1.0,3.0,0.0,0.0,0.0,0.0,0.0,1
42,2.0,1,0,0,0,0,0,0,0,0,0,0,0,0,805,2,0,0,0,0,4.0,967.0,140,70,28,0.0,6.0,0.0,0.0,2.0,5.0,19.0,0.0,0.0,0.0,9.0,5.0,1.0,3.0,8.0,8.0,0.0,0.0,0.0,1
43,1.5,2,0,0,0,0,0,0,0,0,0,0,0,0,1720,2,0,0,0,1,5.0,7.0,322,156,64,0.0,11.0,0.0,0.0,26.0,11.0,25.0,0.0,0.0,2.0,7.0,43.0,10.0,6.0,3.0,2.0,5.0,2.0,0.0,1
44,2.63,7,0,0,0,0,0,0,0,0,1,0,1,0,563,5,0,0,0,1,4.0,251.0,102,48,22,0.0,7.0,0.0,0.0,7.0,6.0,5.0,0.0,1.0,0.0,7.0,7.0,2.0,1.0,0.0,2.0,0.0,0.0,1.0,1
45,1.0,2,0,0,0,0,0,0,0,0,0,0,0,0,745,1,0,0,0,1,4.5,79.0,133,69,31,0.0,2.0,0.0,2.0,3.0,6.0,10.0,0.0,0.0,0.0,7.0,9.0,1.0,5.0,1.0,1.0,1.0,0.0,0.0,1
46,2.25,4,0,0,0,0,0,0,0,0,0,0,0,0,459,1,0,0,0,1,5.0,6.0,90,39,19,0.0,3.0,0.0,0.0,5.0,2.0,6.0,1.0,0.0,3.0,5.0,10.0,3.0,3.0,2.0,1.0,0.0,1.0,0.0,1
47,3.14,11,0,0,0,0,0,0,0,0,0,0,1,2,175,5,0,0,0,1,4.5,88.0,28,15,8,0.0,0.0,0.0,0.0,0.0,0.0,3.0,0.0,0.0,0.0,1.0,4.0,0.0,0.0,0.0,0.0,0.0,0.0,0.0,1
48,5.0,1,0,0,0,0,0,0,0,0,0,0,0,0,194,5,0,0,0,0,2.5,166.0,41,19,5,0.0,1.0,0.0,0.0,3.0,1.0,0.0,0.0,0.0,1.0,4.0,2.0,1.0,3.0,1.0,1.0,0.0,1.0,0.0,1
49,3.0,2,0,0,0,0,0,0,0,0,0,0,0,0,1595,1,0,0,0,1,4.0,177.0,322,128,47,2.0,8.0,0.0,0.0,25.0,10.0,25.0,0.0,0.0,3.0,19.0,35.0,3.0,4.0,15.0,8.0,3.0,2.0,1.0,1
50,4.0,22,3,0,3,1,0,0,0,2,6,0,0,1,636,5,0,183,3,2,4.0,203.0,119,61,29,0.0,3.0,0.0,1.0,4.0,0.0,13.0,1.0,0.0,0.0,2.0,11.0,3.0,0.0,2.0,1.0,0.0,0.0,1.0,1
51,5.0,3,0,0,0,0,0,0,0,0,0,0,0,0,119,5,0,0,0,1,4.5,80.0,23,13,6,0.0,0.0,0.0,0.0,0.0,0.0,2.0,0.0,0.0,0.0,0.0,1.0,0.0,2.0,1.0,0.0,0.0,0.0,0.0,1
52,4.11,47,0,0,0,0,0,0,0,0,0,1,0,0,329,3,0,0,0,2,4.0,1048.0,60,31,10,0.0,3.0,0.0,0.0,6.0,1.0,7.0,1.0,0.0,0.0,2.0,7.0,1.0,0.0,2.0,2.0,0.0,0.0,0.0,1
53,3.86,7,0,0,0,0,0,0,1,0,0,0,0,0,272,5,0,0,0,1,3.5,59.0,52,23,11,0.0,2.0,0.0,0.0,1.0,0.0,2.0,0.0,0.0,0.0,2.0,3.0,0.0,1.0,2.0,0.0,0.0,0.0,1.0,1
54,1.0,1,0,0,0,0,0,0,0,0,0,0,0,0,1157,1,4,0,0,0,4.0,31.0,225,102,44,0.0,8.0,0.0,1.0,12.0,8.0,22.0,0.0,0.0,0.0,12.0,24.0,2.0,7.0,8.0,3.0,1.0,4.0,4.0,1
55,5.0,1,0,0,0,0,0,0,0,0,0,0,0,0,630,5,1,0,0,0,3.5,90.0,122,56,22,0.0,2.0,0.0,0.0,7.0,3.0,14.0,0.0,0.0,1.0,10.0,10.0,2.0,1.0,4.0,2.0,0.0,1.0,2.0,1
56,1.0,1,0,0,0,0,0,0,0,0,0,0,0,0,191,1,0,0,0,0,3.5,42.0,36,15,7,0.0,1.0,1.0,0.0,2.0,2.0,1.0,0.0,0.0,0.0,3.0,3.0,1.0,1.0,0.0,0.0,0.0,0.0,0.0,1
57,3.0,2,0,0,0,0,0,0,0,0,0,0,0,0,586,5,0,30,1,1,3.0,5.0,106,50,19,0.0,5.0,0.0,0.0,9.0,3.0,11.0,0.0,0.0,0.0,5.0,11.0,5.0,2.0,2.0,0.0,0.0,1.0,0.0,1
58,4.31,13,0,0,0,0,0,0,0,0,0,0,0,0,136,5,1,0,0,1,4.5,264.0,25,14,2,0.0,0.0,0.0,0.0,2.0,0.0,7.0,0.0,0.0,0.0,4.0,0.0,0.0,0.0,1.0,1.0,0.0,0.0,0.0,1
59,1.57,5,0,0,0,0,0,0,1,0,0,0,0,0,213,1,0,0,0,1,4.0,82.0,34,17,5,0.0,4.0,0.0,0.0,1.0,0.0,2.0,0.0,0.0,0.0,1.0,2.0,0.0,0.0,0.0,2.0,0.0,0.0,0.0,1
60,5.0,1,0,0,0,0,0,0,0,0,0,0,0,1,521,5,0,0,0,0,4.5,57.0,93,47,11,0.0,5.0,0.0,0.0,5.0,4.0,8.0,1.0,0.0,1.0,6.0,9.0,0.0,1.0,3.0,1.0,1.0,1.0,0.0,1
61,3.65,19,2,0,2,0,0,1,0,0,0,1,4,0,561,3,2,228,3,1,3.0,20.0,98,52,19,0.0,6.0,0.0,0.0,3.0,3.0,9.0,0.0,0.0,0.0,6.0,7.0,3.0,1.0,3.0,0.0,1.0,0.0,0.0,1
62,3.91,11,0,0,0,0,0,0,0,0,0,0,0,0,1119,5,1,0,0,1,4.5,113.0,203,100,41,0.0,6.0,0.0,0.0,13.0,5.0,12.0,1.0,0.0,1.0,9.0,19.0,2.0,7.0,4.0,3.0,0.0,1.0,0.0,1
63,3.0,2,0,0,0,0,0,0,0,0,0,0,0,0,166,5,1,0,0,1,4.5,6.0,27,15,8,0.0,0.0,0.0,0.0,2.0,0.0,3.0,0.0,0.0,0.0,0.0,3.0,0.0,1.0,0.0,1.0,0.0,0.0,0.0,1
64,4.33,3,0,0,0,0,0,0,0,0,0,0,0,0,373,4,0,0,0,1,5.0,4.0,70,39,17,0.0,1.0,0.0,0.0,3.0,1.0,4.0,1.0,0.0,1.0,3.0,3.0,2.0,2.0,1.0,0.0,0.0,0.0,0.0,1
65,3.73,10,0,0,0,0,0,0,0,0,1,0,0,1,430,5,0,19,1,1,3.5,1424.0,88,36,17,0.0,5.0,0.0,0.0,9.0,3.0,4.0,0.0,0.0,0.0,2.0,2.0,2.0,3.0,5.0,4.0,0.0,0.0,1.0,1
66,3.0,2,0,0,0,0,0,0,0,0,0,2,0,2,94,5,0,0,0,1,3.5,143.0,15,9,3,0.0,0.0,0.0,0.0,0.0,0.0,3.0,0.0,0.0,0.0,1.0,2.0,0.0,0.0,0.0,0.0,0.0,0.0,0.0,1
67,4.0,6,0,0,0,0,0,0,0,0,0,0,0,0,1136,1,1,0,0,1,4.0,145.0,237,98,39,0.0,12.0,0.0,0.0,28.0,7.0,15.0,0.0,0.0,1.0,20.0,15.0,2.0,1.0,10.0,5.0,0.0,3.0,1.0,1
68,5.0,1,0,0,0,0,0,0,0,0,0,0,0,0,156,5,0,0,0,0,4.5,74.0,30,16,6,0.0,2.0,0.0,0.0,0.0,1.0,0.0,0.0,0.0,0.0,1.0,2.0,1.0,0.0,1.0,1.0,0.0,0.0,0.0,1
69,2.33,6,0,0,0,0,0,0,0,0,0,0,0,0,374,1,0,0,0,1,3.5,458.0,75,34,13,0.0,1.0,0.0,0.0,3.0,0.0,8.0,0.0,0.0,0.0,4.0,9.0,0.0,0.0,1.0,1.0,0.0,0.0,2.0,1
70,1.0,1,0,0,0,0,0,0,0,0,0,0,0,0,381,1,1,0,0,0,4.5,231.0,67,41,18,0.0,4.0,0.0,0.0,1.0,0.0,5.0,0.0,0.0,0.0,2.0,6.0,1.0,1.0,1.0,1.0,0.0,0.0,2.0,1
71,4.6,4,0,0,0,0,0,0,0,0,0,0,0,0,491,5,0,0,0,1,3.5,2687.0,87,43,12,0.0,4.0,1.0,0.0,4.0,5.0,8.0,0.0,0.0,0.0,5.0,10.0,2.0,0.0,2.0,1.0,1.0,0.0,0.0,1
72,1.0,1,0,0,0,0,0,0,0,0,0,0,0,0,369,1,0,0,0,0,2.5,765.0,60,31,14,0.0,5.0,0.0,0.0,3.0,2.0,6.0,0.0,0.0,0.0,3.0,0.0,0.0,0.0,4.0,2.0,0.0,0.0,0.0,1
73,5.0,1,0,0,0,0,0,0,0,0,0,0,0,0,356,5,0,0,0,0,1.5,27.0,66,31,12,0.0,6.0,0.0,0.0,2.0,4.0,6.0,0.0,0.0,0.0,5.0,3.0,1.0,1.0,3.0,2.0,0.0,0.0,0.0,1
74,5.0,1,0,0,0,0,0,0,0,0,1,0,0,0,162,5,0,0,0,0,5.0,7.0,30,15,7,0.0,0.0,0.0,0.0,1.0,2.0,2.0,0.0,0.0,0.0,1.0,4.0,1.0,0.0,0.0,1.0,0.0,0.0,0.0,1
75,5.0,1,0,0,0,0,0,0,0,0,0,0,0,0,484,5,3,0,0,0,3.5,5950.0,89,40,20,0.0,1.0,0.0,0.0,6.0,7.0,4.0,0.0,0.0,0.0,5.0,10.0,1.0,1.0,1.0,0.0,1.0,0.0,0.0,1
76,5.0,2,0,0,0,0,0,0,0,0,0,0,0,0,217,5,0,0,0,1,4.0,254.0,34,20,5,0.0,0.0,0.0,0.0,0.0,1.0,8.0,0.0,0.0,0.0,2.0,2.0,0.0,0.0,0.0,0.0,0.0,1.0,0.0,1
77,5.0,2,0,0,0,0,0,0,0,0,0,0,0,0,254,5,0,0,0,1,4.0,24.0,44,22,11,0.0,1.0,0.0,0.0,2.0,1.0,4.0,0.0,0.0,0.0,2.0,2.0,2.0,1.0,1.0,1.0,0.0,0.0,0.0,1
78,5.0,1,0,0,0,0,0,0,0,0,0,0,0,0,1351,5,0,0,0,0,4.5,2360.0,234,124,59,0.0,6.0,0.0,0.0,8.0,7.0,20.0,0.0,1.0,0.0,6.0,17.0,15.0,5.0,3.0,6.0,1.0,3.0,0.0,1
79,5.0,3,0,0,0,0,0,0,0,0,0,0,0,0,281,5,0,0,0,1,4.0,199.0,51,26,8,0.0,3.0,0.0,0.0,3.0,1.0,8.0,0.0,0.0,1.0,3.0,1.0,0.0,2.0,3.0,1.0,0.0,0.0,0.0,1
80,3.7,10,0,0,0,0,0,0,0,0,0,0,0,0,815,3,0,77,2,1,4.0,882.0,153,71,30,0.0,10.0,0.0,0.0,7.0,3.0,4.0,0.0,0.0,1.0,8.0,9.0,3.0,3.0,1.0,3.0,1.0,0.0,0.0,0
81,2.0,1,0,0,0,0,0,0,0,0,0,0,0,0,1637,3,3,0,0,0,4.0,1738.0,307,143,61,0.0,11.0,0.0,1.0,17.0,7.0,28.0,1.0,0.0,6.0,18.0,28.0,5.0,7.0,5.0,6.0,4.0,3.0,2.0,0
82,4.67,6,0,0,0,0,0,0,0,0,0,0,0,0,412,5,0,0,0,1,4.5,150.0,73,37,11,0.0,5.0,0.0,0.0,3.0,1.0,12.0,0.0,0.0,1.0,7.0,0.0,1.0,3.0,4.0,2.0,0.0,0.0,0.0,0
83,4.67,3,0,0,0,0,0,0,0,0,0,0,0,0,171,4,0,0,0,1,4.0,104.0,30,19,10,0.0,1.0,0.0,0.0,0.0,0.0,2.0,0.0,0.0,0.0,1.0,3.0,0.0,0.0,0.0,1.0,0.0,0.0,0.0,0
84,3.45,11,0,0,0,0,0,0,0,0,0,0,0,0,845,3,2,0,0,1,4.0,439.0,151,71,30,0.0,8.0,0.0,1.0,10.0,5.0,7.0,1.0,1.0,1.0,4.0,18.0,6.0,3.0,4.0,1.0,1.0,0.0,0.0,0
85,4.78,9,0,0,0,0,0,0,0,0,0,0,0,0,124,3,0,0,0,1,4.0,73.0,18,13,5,0.0,3.0,0.0,0.0,2.0,0.0,1.0,0.0,0.0,0.0,0.0,3.0,0.0,1.0,0.0,0.0,0.0,0.0,0.0,0
86,5.0,2,0,0,0,0,0,0,0,0,0,0,0,0,452,5,2,0,0,1,4.0,147.0,85,40,20,0.0,2.0,0.0,0.0,3.0,1.0,1.0,0.0,0.0,1.0,3.0,3.0,2.0,3.0,1.0,6.0,0.0,1.0,1.0,0
87,4.29,7,0,0,0,0,0,0,0,0,0,0,0,0,210,1,0,0,0,1,4.0,3772.0,41,20,7,0.0,1.0,0.0,0.0,3.0,0.0,9.0,0.0,0.0,1.0,3.0,3.0,1.0,0.0,0.0,1.0,0.0,0.0,0.0,0
88,5.0,3,0,0,0,0,0,0,0,0,0,0,0,0,223,5,1,0,0,1,3.5,29.0,40,23,7,0.0,3.0,0.0,0.0,2.0,1.0,2.0,1.0,0.0,0.0,0.0,1.0,0.0,0.0,2.0,2.0,0.0,0.0,0.0,0
89,2.0,1,0,0,0,0,0,0,0,0,0,0,0,1,144,2,0,0,0,0,4.5,414.0,26,13,7,0.0,1.0,0.0,0.0,0.0,0.0,5.0,0.0,0.0,0.0,2.0,0.0,0.0,0.0,0.0,0.0,0.0,0.0,0.0,0
90,3.0,4,0,0,0,0,0,0,0,0,0,0,0,0,402,5,0,0,0,1,4.0,100.0,75,32,11,0.0,1.0,0.0,0.0,6.0,1.0,9.0,0.0,0.0,0.0,2.0,2.0,3.0,2.0,7.0,4.0,0.0,0.0,0.0,0
91,3.33,3,0,0,0,0,0,0,0,0,0,0,0,0,1300,1,4,62,2,1,3.5,211.0,276,122,47,0.0,4.0,0.0,0.0,36.0,9.0,36.0,0.0,0.0,3.0,22.0,19.0,5.0,5.0,15.0,5.0,0.0,0.0,4.0,0
92,5.0,1,0,0,0,0,0,0,0,0,0,0,0,0,412,5,0,0,0,0,3.0,30.0,75,36,18,0.0,5.0,0.0,1.0,2.0,0.0,5.0,0.0,0.0,0.0,2.0,5.0,1.0,2.0,4.0,4.0,0.0,0.0,0.0,0
93,5.0,4,0,0,0,0,0,0,0,0,0,1,0,0,179,5,0,0,0,1,4.5,87.0,33,20,10,0.0,0.0,0.0,0.0,2.0,1.0,1.0,0.0,0.0,0.0,2.0,1.0,0.0,0.0,1.0,0.0,0.0,0.0,0.0,0
94,3.25,4,0,0,0,0,0,0,0,0,0,0,0,0,466,1,2,0,0,1,4.0,616.0,84,39,18,0.0,0.0,0.0,0.0,6.0,4.0,10.0,0.0,0.0,1.0,8.0,5.0,0.0,3.0,3.0,2.0,0.0,0.0,0.0,0
95,5.0,1,0,0,0,0,0,0,0,0,0,0,0,0,1017,5,1,0,0,0,4.5,49.0,191,107,53,0.0,7.0,0.0,0.0,4.0,9.0,12.0,0.0,1.0,0.0,8.0,10.0,5.0,6.0,7.0,3.0,0.0,0.0,1.0,0
96,2.0,2,0,0,0,0,0,0,0,0,0,0,0,0,500,2,0,0,0,1,2.5,10.0,94,47,18,0.0,0.0,0.0,0.0,11.0,1.0,9.0,0.0,0.0,1.0,2.0,13.0,3.0,2.0,3.0,0.0,0.0,0.0,1.0,0
97,5.0,1,0,0,0,0,0,0,0,0,0,0,0,0,283,5,0,0,0,0,4.5,102.0,52,31,14,0.0,1.0,0.0,1.0,2.0,3.0,3.0,0.0,0.0,0.0,4.0,2.0,0.0,2.0,3.0,1.0,0.0,1.0,0.0,0
98,5.0,2,0,0,0,0,0,0,0,0,0,0,0,0,181,5,0,0,0,1,4.0,159.0,32,21,8,0.0,0.0,0.0,0.0,0.0,0.0,3.0,0.0,0.0,0.0,1.0,0.0,0.0,0.0,0.0,3.0,0.0,0.0,0.0,0
99,4.57,7,0,0,0,0,0,0,0,0,0,0,0,0,565,5,0,0,0,1,3.5,77.0,94,52,11,0.0,7.0,0.0,0.0,4.0,1.0,6.0,0.0,1.0,1.0,6.0,1.0,4.0,0.0,5.0,2.0,0.0,1.0,2.0,0
100,3.46,13,1,0,1,0,0,0,0,0,2,0,1,0,1347,5,1,0,0,1,2.0,45.0,249,124,57,0.0,8.0,0.0,0.0,10.0,2.0,19.0,0.0,0.0,0.0,12.0,12.0,7.0,6.0,11.0,8.0,2.0,1.0,3.0,0
101,3.5,2,0,0,0,0,0,0,0,0,0,0,0,0,116,5,0,0,0,1,2.5,22.0,21,12,5,0.0,0.0,0.0,0.0,1.0,1.0,1.0,0.0,0.0,0.0,1.0,0.0,1.0,0.0,0.0,2.0,0.0,0.0,0.0,0
102,4.5,2,0,0,0,0,0,0,0,0,0,0,0,0,673,5,1,0,0,1,3.5,120.0,109,55,24,0.0,5.0,0.0,1.0,8.0,3.0,6.0,0.0,1.0,0.0,4.0,4.0,1.0,0.0,7.0,2.0,0.0,1.0,1.0,0
103,5.0,1,0,0,0,0,0,0,0,0,0,1,0,0,754,5,2,0,0,0,4.0,286.0,148,72,26,0.0,7.0,0.0,0.0,5.0,3.0,17.0,0.0,0.0,0.0,4.0,1.0,4.0,5.0,11.0,7.0,0.0,0.0,2.0,0
104,2.7,10,0,0,0,0,0,0,0,0,1,0,0,1,540,1,3,0,0,1,4.0,325.0,103,48,27,0.0,3.0,0.0,0.0,2.0,2.0,4.0,0.0,0.0,0.0,5.0,9.0,2.0,1.0,1.0,2.0,1.0,2.0,1.0,0
105,3.0,2,0,0,0,0,0,0,0,0,0,0,0,0,348,5,1,0,0,1,3.5,143.0,58,34,14,0.0,1.0,0.0,0.0,0.0,0.0,11.0,0.0,0.0,1.0,4.0,1.0,3.0,1.0,1.0,1.0,0.0,0.0,1.0,0
106,3.79,11,0,0,0,0,0,0,0,0,0,0,0,0,847,4,1,0,0,1,4.5,127.0,153,74,33,0.0,6.0,1.0,0.0,5.0,0.0,14.0,0.0,0.0,0.0,6.0,8.0,6.0,1.0,3.0,2.0,1.0,1.0,0.0,0
107,3.4,5,0,0,0,0,0,0,0,0,0,0,0,0,2507,5,3,0,0,1,5.0,22.0,484,225,70,0.0,28.0,1.0,0.0,41.0,14.0,25.0,0.0,0.0,1.0,34.0,41.0,15.0,5.0,11.0,6.0,2.0,3.0,4.0,0
108,2.07,9,0,0,0,0,0,0,0,0,0,0,0,2,367,1,0,0,0,1,3.5,6.0,62,36,12,0.0,3.0,0.0,0.0,5.0,1.0,5.0,0.0,0.0,2.0,4.0,2.0,1.0,0.0,2.0,3.0,0.0,0.0,0.0,0
109,3.45,19,0,0,0,0,0,0,0,0,0,1,0,13,312,4,0,0,0,1,4.0,1051.0,55,27,17,0.0,3.0,0.0,0.0,1.0,1.0,1.0,0.0,0.0,0.0,2.0,0.0,0.0,0.0,1.0,3.0,0.0,0.0,0.0,0
110,3.7,154,0,0,0,0,0,0,4,0,3,0,0,0,352,5,1,0,0,4,3.5,3838.0,63,32,10,0.0,2.0,0.0,3.0,3.0,1.0,6.0,0.0,0.0,1.0,3.0,0.0,4.0,0.0,3.0,4.0,0.0,0.0,1.0,0
111,4.33,3,0,0,0,0,0,0,0,0,0,1,0,0,439,5,0,0,0,1,4.0,289.0,77,38,14,0.0,7.0,0.0,0.0,2.0,1.0,3.0,0.0,0.0,0.0,4.0,1.0,1.0,1.0,1.0,5.0,0.0,0.0,0.0,0
112,4.25,4,0,0,0,0,0,0,0,0,0,1,0,0,539,5,0,0,0,1,5.0,21.0,99,51,22,0.0,4.0,0.0,1.0,2.0,5.0,6.0,0.0,0.0,0.0,3.0,10.0,2.0,2.0,0.0,1.0,0.0,0.0,0.0,0
113,3.24,47,0,0,0,0,0,0,1,0,3,0,4,0,1022,2,0,0,0,2,4.0,49.0,185,91,31,0.0,7.0,0.0,0.0,19.0,3.0,15.0,0.0,0.0,3.0,14.0,12.0,6.0,0.0,5.0,2.0,0.0,1.0,1.0,0
114,3.2,5,1,0,1,0,0,0,0,0,0,0,0,0,313,2,0,0,0,1,3.5,19.0,62,30,10,0.0,0.0,0.0,0.0,5.0,0.0,9.0,0.0,0.0,0.0,4.0,7.0,0.0,0.0,2.0,3.0,0.0,0.0,0.0,0
115,3.0,2,0,0,0,0,0,0,0,0,0,0,0,0,194,1,1,0,0,1,3.5,853.0,38,19,11,0.0,0.0,0.0,0.0,1.0,2.0,3.0,0.0,0.0,1.0,1.0,5.0,1.0,0.0,0.0,1.0,0.0,0.0,1.0,0
116,3.0,2,0,0,0,0,0,0,0,0,0,0,0,0,631,1,0,0,0,1,4.5,58.0,117,75,26,0.0,4.0,0.0,0.0,6.0,1.0,13.0,1.0,0.0,0.0,6.0,6.0,1.0,2.0,5.0,6.0,0.0,0.0,1.0,0
117,4.28,18,0,0,0,0,0,0,0,0,1,0,0,2,263,5,0,279,3,1,3.5,22.0,45,26,12,0.0,3.0,0.0,0.0,0.0,0.0,3.0,0.0,0.0,0.0,1.0,5.0,0.0,1.0,0.0,0.0,0.0,0.0,0.0,0
118,4.5,8,0,0,0,0,0,0,0,0,0,1,0,1,149,5,2,0,0,1,3.0,11.0,25,14,5,0.0,1.0,0.0,0.0,0.0,1.0,2.0,0.0,0.0,0.0,0.0,0.0,0.0,1.0,0.0,1.0,0.0,0.0,0.0,0
119,5.0,1,0,0,0,0,0,0,0,0,0,0,0,0,537,5,1,0,0,0,2.5,12.0,93,49,21,1.0,3.0,1.0,0.0,6.0,1.0,9.0,1.0,0.0,0.0,2.0,4.0,1.0,2.0,2.0,1.0,1.0,0.0,3.0,0
120,3.2,5,0,0,0,0,0,0,0,0,0,0,0,0,433,3,0,0,0,1,3.5,222.0,80,38,13,0.0,4.0,0.0,1.0,7.0,1.0,6.0,0.0,0.0,1.0,2.0,8.0,1.0,2.0,1.0,0.0,0.0,0.0,0.0,0
121,5.0,3,0,0,0,0,0,0,0,0,0,0,0,0,318,5,1,0,0,1,4.0,2448.0,55,30,13,0.0,2.0,0.0,0.0,0.0,2.0,8.0,0.0,0.0,1.0,3.0,3.0,1.0,0.0,0.0,0.0,0.0,0.0,1.0,0
122,5.0,1,0,0,0,0,0,0,0,0,0,1,0,0,472,5,0,0,0,0,3.5,34.0,76,41,17,0.0,5.0,0.0,0.0,4.0,4.0,6.0,1.0,1.0,0.0,2.0,2.0,0.0,3.0,1.0,4.0,0.0,0.0,1.0,0
123,5.0,1,0,0,0,0,0,0,0,0,0,0,0,0,212,5,0,0,0,0,1.5,19.0,39,18,4,0.0,1.0,0.0,0.0,4.0,0.0,3.0,0.0,0.0,0.0,2.0,0.0,2.0,0.0,4.0,2.0,0.0,0.0,0.0,0
124,3.75,8,0,0,0,0,0,0,0,0,0,0,0,0,174,5,0,0,0,1,4.0,42.0,28,20,3,0.0,2.0,0.0,0.0,0.0,0.0,6.0,0.0,0.0,0.0,1.0,2.0,0.0,2.0,0.0,0.0,0.0,0.0,0.0,0
125,2.6,5,0,0,0,0,0,0,0,0,0,0,0,0,640,3,3,0,0,1,4.5,7.0,112,57,24,0.0,1.0,0.0,0.0,4.0,3.0,14.0,0.0,0.0,0.0,8.0,7.0,2.0,2.0,1.0,3.0,0.0,0.0,0.0,0
126,5.0,2,0,0,0,0,0,0,0,0,0,0,0,0,414,5,0,0,0,1,4.5,7.0,74,36,19,0.0,4.0,1.0,2.0,3.0,3.0,5.0,0.0,0.0,0.0,1.0,6.0,2.0,3.0,2.0,0.0,0.0,0.0,0.0,0
127,4.5,2,0,0,0,0,0,0,0,0,0,0,0,0,132,5,0,0,0,1,4.5,339.0,20,14,5,0.0,1.0,0.0,0.0,2.0,0.0,0.0,0.0,0.0,0.0,2.0,0.0,1.0,0.0,0.0,0.0,0.0,0.0,0.0,0
128,2.36,29,0,0,0,0,0,0,1,0,0,1,0,56,617,2,0,0,0,2,4.0,23.0,124,52,19,0.0,2.0,0.0,0.0,5.0,4.0,14.0,0.0,0.0,2.0,5.0,17.0,4.0,0.0,2.0,2.0,0.0,2.0,0.0,0
129,5.0,4,0,0,0,0,0,0,0,0,0,0,0,0,580,5,0,0,0,1,3.5,85.0,98,57,33,0.0,4.0,0.0,0.0,3.0,1.0,6.0,0.0,0.0,0.0,1.0,8.0,2.0,2.0,2.0,1.0,1.0,0.0,0.0,0
130,3.46,109,6,0,6,4,0,0,0,0,6,9,1,5,4950,5,10,11,1,4,1.5,210.0,926,407,150,0.0,32.0,2.0,4.0,77.0,11.0,93.0,2.0,0.0,8.0,52.0,35.0,13.0,13.0,43.0,38.0,9.0,4.0,8.0,0
131,5.0,1,0,0,0,0,0,0,0,0,0,0,0,0,291,5,0,0,0,0,3.0,129.0,54,26,11,0.0,1.0,0.0,1.0,2.0,3.0,4.0,0.0,0.0,1.0,5.0,1.0,0.0,1.0,1.0,2.0,0.0,0.0,0.0,0
132,4.39,23,0,0,0,0,0,0,0,0,0,0,0,1,224,4,0,0,0,2,3.0,12.0,41,21,7,0.0,1.0,0.0,0.0,3.0,0.0,6.0,0.0,0.0,0.0,4.0,1.0,0.0,0.0,2.0,0.0,0.0,0.0,0.0,0
133,4.55,11,0,0,0,0,0,0,0,0,0,0,0,0,1044,4,1,0,0,1,5.0,78.0,189,92,48,0.0,5.0,0.0,1.0,11.0,0.0,11.0,1.0,0.0,0.0,8.0,13.0,3.0,1.0,6.0,7.0,1.0,0.0,3.0,0
134,4.0,1,0,0,0,0,0,0,0,0,0,0,0,0,316,4,3,0,0,0,3.0,117.0,56,32,14,0.0,5.0,0.0,0.0,2.0,1.0,2.0,0.0,0.0,0.0,1.0,6.0,0.0,0.0,0.0,1.0,2.0,0.0,0.0,0
135,5.0,1,0,0,0,0,0,0,0,0,0,0,0,0,201,5,0,0,0,0,5.0,5.0,37,17,4,0.0,2.0,0.0,0.0,3.0,0.0,6.0,0.0,0.0,0.0,1.0,1.0,0.0,2.0,2.0,2.0,0.0,0.0,0.0,0
136,3.0,4,0,0,0,0,0,0,0,0,0,8,0,0,244,1,0,0,0,1,4.0,15.0,46,24,9,0.0,1.0,0.0,0.0,1.0,0.0,9.0,0.0,0.0,0.0,1.0,5.0,0.0,1.0,1.0,1.0,0.0,0.0,0.0,0
137,2.83,10,0,0,0,0,0,0,1,0,0,0,0,0,370,4,0,0,0,1,3.0,20.0,75,30,10,0.0,5.0,0.0,0.0,8.0,2.0,8.0,0.0,0.0,0.0,4.0,6.0,1.0,0.0,5.0,1.0,0.0,0.0,3.0,0
138,4.4,14,0,0,0,0,0,0,2,0,0,0,1,0,592,3,0,0,0,1,4.5,121.0,107,59,22,0.0,8.0,1.0,0.0,3.0,1.0,4.0,0.0,0.0,1.0,3.0,5.0,4.0,1.0,1.0,4.0,0.0,0.0,0.0,0
139,2.46,10,0,0,0,0,0,0,0,0,0,1,0,0,825,1,1,0,0,1,3.0,60.0,155,69,35,0.0,4.0,0.0,0.0,8.0,5.0,11.0,0.0,0.0,0.0,7.0,12.0,4.0,6.0,1.0,6.0,2.0,0.0,0.0,0
140,2.0,1,0,0,0,0,0,0,0,0,0,0,0,0,188,2,1,0,0,0,4.5,14.0,33,14,3,0.0,2.0,1.0,0.0,2.0,0.0,3.0,0.0,1.0,0.0,3.0,1.0,0.0,0.0,3.0,2.0,1.0,0.0,0.0,0
141,5.0,6,0,0,0,0,0,0,0,0,0,0,0,0,155,5,0,0,0,1,3.0,37.0,26,13,6,0.0,1.0,0.0,0.0,0.0,1.0,3.0,0.0,0.0,0.0,1.0,4.0,0.0,0.0,0.0,0.0,0.0,0.0,0.0,0
142,5.0,1,0,0,0,0,0,0,0,0,0,0,0,0,325,5,0,0,0,0,4.0,205.0,58,29,16,0.0,3.0,0.0,0.0,6.0,3.0,3.0,0.0,0.0,0.0,2.0,4.0,0.0,2.0,0.0,3.0,0.0,0.0,1.0,0
143,3.8,5,0,0,0,0,0,0,0,0,0,0,0,0,173,2,0,0,0,1,3.5,6.0,33,21,8,0.0,2.0,0.0,0.0,1.0,0.0,3.0,0.0,0.0,0.0,1.0,2.0,0.0,0.0,3.0,0.0,0.0,0.0,0.0,0
144,2.5,2,0,0,0,0,0,0,0,0,0,1,0,0,156,4,0,0,0,1,4.0,3964.0,28,16,6,0.0,0.0,0.0,0.0,3.0,0.0,2.0,0.0,0.0,0.0,1.0,4.0,1.0,0.0,1.0,0.0,0.0,0.0,0.0,0
145,3.0,2,0,0,0,0,0,0,0,0,0,0,0,2,676,5,0,0,0,1,3.0,57.0,127,74,27,0.0,12.0,0.0,0.0,8.0,1.0,4.0,1.0,0.0,0.0,7.0,9.0,1.0,3.0,2.0,1.0,0.0,1.0,1.0,0
146,3.0,2,0,0,0,0,0,0,0,0,0,0,0,0,258,1,4,0,0,1,3.0,884.0,54,23,10,0.0,0.0,0.0,0.0,6.0,4.0,6.0,0.0,0.0,0.0,2.0,5.0,1.0,0.0,2.0,1.0,0.0,0.0,1.0,0
147,5.0,2,0,0,0,0,0,0,0,0,0,0,0,0,289,5,0,0,0,1,4.5,287.0,56,28,16,0.0,0.0,0.0,0.0,4.0,0.0,4.0,0.0,0.0,0.0,1.0,6.0,1.0,0.0,2.0,1.0,1.0,0.0,0.0,0
148,1.0,1,0,0,0,0,0,0,1,0,0,1,0,0,1939,1,4,0,0,0,4.0,161.0,341,158,74,0.0,11.0,0.0,3.0,25.0,8.0,21.0,0.0,0.0,1.0,20.0,27.0,7.0,9.0,4.0,1.0,2.0,1.0,2.0,0
149,5.0,3,0,0,0,0,0,0,0,0,0,6,0,4,432,5,3,0,0,1,4.5,100.0,87,38,14,0.0,6.0,0.0,0.0,4.0,2.0,8.0,0.0,0.0,1.0,5.0,5.0,0.0,3.0,4.0,2.0,0.0,1.0,0.0,0
150,3.8,5,0,0,0,0,0,0,0,0,0,1,0,0,256,5,0,0,0,1,3.0,98.0,49,26,11,0.0,3.0,0.0,0.0,1.0,1.0,3.0,0.0,0.0,0.0,1.0,2.0,1.0,1.0,1.0,3.0,2.0,0.0,0.0,0
151,4.6,5,0,0,0,0,0,0,0,0,0,0,1,0,455,5,3,0,0,1,4.0,186.0,84,33,14,0.0,2.0,0.0,0.0,10.0,5.0,6.0,0.0,0.0,1.0,2.0,8.0,2.0,2.0,3.0,1.0,0.0,0.0,1.0,0
152,3.2,5,0,0,0,0,0,0,0,0,0,0,0,0,137,3,0,0,0,1,3.5,328.0,26,13,3,0.0,2.0,0.0,0.0,2.0,0.0,3.0,0.0,0.0,0.0,2.0,2.0,0.0,0.0,0.0,0.0,0.0,0.0,0.0,0
153,3.75,8,0,0,0,0,0,0,0,0,1,0,0,0,295,3,0,0,0,1,4.5,6.0,54,31,13,0.0,0.0,0.0,0.0,2.0,0.0,4.0,0.0,0.0,0.0,1.0,7.0,1.0,2.0,0.0,1.0,0.0,0.0,0.0,0
154,3.0,2,0,0,0,0,0,0,0,0,0,0,0,0,272,1,0,0,0,1,4.0,38.0,49,26,8,0.0,1.0,0.0,0.0,3.0,0.0,5.0,0.0,0.0,0.0,4.0,1.0,1.0,2.0,1.0,1.0,0.0,0.0,1.0,0
155,1.0,1,0,0,0,0,0,0,0,0,0,0,0,0,387,1,2,0,0,0,5.0,22.0,72,28,14,0.0,3.0,0.0,0.0,6.0,4.0,5.0,0.0,0.0,1.0,1.0,4.0,1.0,1.0,3.0,4.0,0.0,0.0,1.0,0
156,3.5,2,0,0,0,0,0,0,0,0,0,0,0,0,117,2,0,0,0,1,4.5,12.0,20,11,5,0.0,1.0,0.0,0.0,0.0,0.0,2.0,0.0,0.0,0.0,0.0,0.0,0.0,0.0,1.0,1.0,0.0,0.0,0.0,0
157,4.5,2,0,0,0,0,0,0,0,0,0,0,0,0,111,5,0,0,0,1,3.0,16.0,19,9,5,0.0,0.0,0.0,0.0,0.0,1.0,1.0,0.0,0.0,0.0,0.0,2.0,1.0,1.0,0.0,0.0,0.0,0.0,0.0,0
158,3.84,47,0,0,0,0,0,0,0,0,0,0,0,0,368,3,0,324,3,2,4.5,469.0,65,30,8,0.0,4.0,0.0,0.0,4.0,1.0,4.0,0.0,0.0,1.0,2.0,11.0,1.0,7.0,1.0,0.0,0.0,0.0,1.0,0
159,5.0,4,0,0,0,0,0,0,0,0,0,0,0,0,458,5,0,0,0,1,3.5,82.0,91,43,16,0.0,6.0,1.0,0.0,8.0,3.0,4.0,0.0,0.0,2.0,4.0,8.0,1.0,2.0,3.0,1.0,0.0,0.0,0.0,0
160,5.0,1,0,0,0,0,0,0,0,0,0,1,0,0,156,5,0,0,0,0,5.0,5.0,26,17,8,0.0,2.0,0.0,0.0,0.0,1.0,2.0,0.0,0.0,0.0,1.0,0.0,0.0,0.0,0.0,0.0,0.0,0.0,0.0,1
161,5.0,1,0,0,0,0,0,0,0,0,0,0,0,0,197,5,0,0,0,0,3.0,755.0,34,21,9,0.0,1.0,0.0,0.0,2.0,1.0,3.0,0.0,0.0,0.0,2.0,0.0,1.0,0.0,2.0,3.0,0.0,0.0,0.0,1
162,5.0,2,0,0,0,0,0,0,0,0,0,0,0,0,191,5,0,0,0,1,2.5,2171.0,38,19,6,0.0,2.0,0.0,0.0,1.0,1.0,7.0,0.0,0.0,0.0,2.0,0.0,1.0,2.0,3.0,1.0,0.0,0.0,0.0,1
163,5.0,1,0,0,0,0,0,0,0,0,0,0,0,0,118,5,0,0,0,0,4.0,2935.0,18,13,5,0.0,2.0,0.0,1.0,1.0,0.0,3.0,0.0,0.0,0.0,1.0,0.0,0.0,0.0,0.0,1.0,0.0,0.0,0.0,1
164,4.24,19,0,0,0,0,0,0,0,0,0,0,0,1,440,2,0,0,0,1,4.0,236.0,82,38,21,0.0,3.0,0.0,0.0,2.0,3.0,6.0,1.0,0.0,1.0,4.0,8.0,1.0,3.0,1.0,0.0,0.0,0.0,2.0,1
165,3.92,12,0,0,0,0,0,0,0,0,0,0,0,0,696,3,0,0,0,1,3.0,62.0,131,58,14,0.0,5.0,0.0,0.0,6.0,3.0,15.0,0.0,0.0,1.0,10.0,8.0,1.0,2.0,3.0,2.0,2.0,0.0,0.0,1
166,5.0,11,0,0,0,0,0,0,0,0,0,0,0,0,2398,5,0,0,0,1,4.0,113.0,463,229,95,1.0,19.0,0.0,0.0,26.0,15.0,33.0,1.0,0.0,6.0,21.0,47.0,8.0,8.0,6.0,5.0,2.0,0.0,0.0,1
167,5.0,1,0,0,0,0,0,0,0,0,0,0,0,0,552,5,0,0,0,0,5.0,31.0,107,51,22,0.0,3.0,0.0,0.0,1.0,3.0,9.0,0.0,0.0,1.0,9.0,8.0,3.0,2.0,2.0,1.0,0.0,0.0,0.0,1
168,1.0,1,0,0,0,0,0,0,0,0,0,0,0,0,240,1,0,0,0,0,3.5,3.0,45,22,16,0.0,1.0,0.0,0.0,1.0,1.0,6.0,0.0,0.0,0.0,2.0,4.0,1.0,0.0,0.0,0.0,0.0,0.0,0.0,1
169,2.6,4,0,0,0,0,0,0,0,0,0,0,0,0,149,1,0,0,0,1,3.5,170.0,23,15,4,0.0,4.0,0.0,0.0,1.0,0.0,1.0,0.0,0.0,0.0,0.0,4.0,0.0,0.0,0.0,0.0,0.0,0.0,0.0,1
170,1.0,1,0,0,0,0,0,0,0,0,0,0,0,0,897,1,0,0,0,0,4.5,14.0,161,77,30,0.0,5.0,0.0,0.0,6.0,3.0,16.0,0.0,0.0,1.0,11.0,17.0,4.0,6.0,1.0,0.0,0.0,1.0,2.0,1
171,3.32,76,0,0,0,0,0,0,0,1,1,6,2,16,432,4,0,0,0,3,4.5,403.0,88,43,23,0.0,5.0,0.0,0.0,2.0,1.0,3.0,0.0,0.0,1.0,5.0,8.0,0.0,0.0,2.0,0.0,0.0,0.0,2.0,1
172,5.0,4,0,0,0,0,0,0,0,0,0,0,0,0,434,5,0,0,0,1,4.5,294.0,76,38,20,0.0,4.0,0.0,0.0,2.0,2.0,6.0,1.0,0.0,0.0,5.0,4.0,5.0,2.0,1.0,4.0,0.0,0.0,0.0,1
173,4.0,3,0,0,0,0,0,0,0,0,1,0,0,0,139,5,1,0,0,1,4.5,475.0,26,13,5,0.0,0.0,0.0,0.0,1.0,1.0,5.0,0.0,0.0,0.0,4.0,2.0,1.0,1.0,0.0,0.0,0.0,0.0,0.0,1
174,3.67,3,0,0,0,0,0,0,0,0,0,0,0,0,163,5,0,0,0,1,5.0,1463.0,29,14,7,0.0,1.0,1.0,0.0,0.0,0.0,4.0,0.0,0.0,1.0,2.0,2.0,0.0,0.0,0.0,0.0,1.0,0.0,0.0,1
175,1.0,1,0,0,0,0,0,0,0,0,0,0,0,0,1631,1,0,0,0,0,4.5,250.0,316,139,60,0.0,11.0,1.0,0.0,23.0,14.0,21.0,0.0,0.0,3.0,20.0,38.0,3.0,8.0,6.0,2.0,3.0,2.0,1.0,1
176,5.0,1,0,0,0,0,0,0,0,0,0,0,0,0,411,5,0,0,0,0,5.0,76.0,78,35,16,0.0,1.0,0.0,0.0,10.0,3.0,7.0,0.0,0.0,0.0,4.0,9.0,0.0,0.0,0.0,1.0,0.0,0.0,0.0,1
177,1.0,3,0,0,0,0,0,0,0,0,0,0,0,0,540,1,0,0,0,1,4.5,801.0,89,48,21,0.0,2.0,0.0,0.0,7.0,3.0,5.0,0.0,0.0,1.0,9.0,8.0,2.0,0.0,1.0,2.0,0.0,0.0,1.0,1
178,2.25,4,0,0,0,0,0,0,0,0,0,0,0,0,1413,2,0,0,0,1,4.0,1191.0,267,119,42,0.0,11.0,0.0,0.0,18.0,5.0,22.0,1.0,0.0,3.0,21.0,22.0,3.0,7.0,6.0,4.0,1.0,4.0,0.0,1
179,5.0,1,0,0,0,0,0,0,0,0,0,0,0,0,461,5,0,0,0,0,4.0,27.0,78,41,13,0.0,5.0,0.0,0.0,4.0,4.0,7.0,0.0,0.0,0.0,2.0,7.0,2.0,1.0,2.0,0.0,2.0,0.0,1.0,1
180,3.0,1,0,0,0,0,0,0,0,0,0,0,0,0,592,3,0,0,0,0,4.5,110.0,104,51,19,0.0,5.0,0.0,0.0,2.0,3.0,10.0,0.0,0.0,0.0,5.0,6.0,0.0,7.0,4.0,0.0,0.0,0.0,0.0,0
181,3.0,2,0,0,0,0,0,0,0,0,0,0,0,0,145,1,1,0,0,1,3.5,1987.0,25,17,8,0.0,1.0,0.0,0.0,0.0,0.0,4.0,0.0,0.0,0.0,0.0,3.0,0.0,2.0,2.0,0.0,0.0,0.0,0.0,0
182,5.0,1,0,0,0,0,0,0,0,0,0,0,0,0,375,5,0,0,0,0,2.0,45.0,70,38,16,0.0,2.0,0.0,0.0,2.0,0.0,8.0,0.0,0.0,0.0,5.0,6.0,1.0,2.0,2.0,0.0,0.0,0.0,0.0,0
183,4.33,3,0,0,0,0,0,0,0,0,0,0,0,0,155,5,0,0,0,1,4.0,69.0,28,15,6,0.0,1.0,0.0,0.0,2.0,0.0,4.0,0.0,0.0,0.0,1.0,5.0,0.0,0.0,0.0,0.0,0.0,0.0,0.0,0
184,1.0,1,0,0,0,0,0,0,0,0,0,0,0,0,464,1,0,0,0,0,2.5,49.0,88,40,16,0.0,2.0,0.0,0.0,9.0,1.0,3.0,0.0,0.0,0.0,5.0,14.0,2.0,1.0,0.0,1.0,1.0,0.0,0.0,0
185,5.0,7,0,0,0,0,0,0,0,0,0,0,0,0,446,5,2,0,0,1,4.5,32.0,86,38,13,0.0,2.0,0.0,0.0,8.0,1.0,5.0,0.0,0.0,3.0,4.0,0.0,1.0,0.0,8.0,4.0,0.0,2.0,0.0,0
186,4.22,7,0,0,0,0,0,0,0,0,0,0,0,0,101,5,0,0,0,1,3.0,164.0,17,14,6,0.0,2.0,0.0,0.0,0.0,0.0,1.0,0.0,0.0,0.0,0.0,0.0,0.0,0.0,0.0,0.0,0.0,0.0,0.0,0
187,3.0,3,0,0,0,0,0,0,0,0,0,0,0,0,132,3,0,0,0,1,3.5,299.0,26,11,3,0.0,1.0,0.0,0.0,1.0,0.0,4.0,0.0,0.0,0.0,2.0,0.0,0.0,0.0,0.0,2.0,0.0,0.0,0.0,0
188,2.0,7,0,0,0,0,0,0,0,0,0,0,0,0,183,1,0,0,0,1,4.0,159.0,31,16,6,0.0,4.0,0.0,0.0,0.0,0.0,4.0,0.0,0.0,0.0,1.0,0.0,1.0,1.0,2.0,2.0,1.0,0.0,0.0,0
189,4.48,23,0,0,0,0,0,0,0,0,0,1,0,0,347,5,1,0,0,2,2.0,21.0,61,28,11,0.0,4.0,0.0,0.0,5.0,0.0,5.0,0.0,0.0,0.0,1.0,1.0,0.0,1.0,3.0,3.0,0.0,0.0,0.0,0
190,3.75,4,0,0,0,0,0,0,0,0,0,0,0,0,182,5,0,0,0,1,4.0,167.0,33,19,8,0.0,2.0,0.0,0.0,3.0,0.0,3.0,0.0,0.0,0.0,3.0,0.0,0.0,0.0,1.0,2.0,0.0,0.0,0.0,0
191,3.9,10,0,0,0,0,0,0,0,0,0,0,0,0,728,5,0,0,0,1,2.5,64.0,125,60,27,0.0,3.0,0.0,0.0,4.0,2.0,7.0,2.0,0.0,1.0,5.0,7.0,4.0,1.0,2.0,3.0,0.0,1.0,1.0,0
192,2.33,2,0,0,0,0,0,0,0,0,0,0,0,0,545,1,5,0,0,1,5.0,16.0,88,46,19,0.0,6.0,1.0,0.0,4.0,2.0,8.0,0.0,0.0,1.0,5.0,5.0,2.0,1.0,3.0,1.0,0.0,0.0,1.0,0
193,4.67,3,1,0,1,0,0,0,0,0,0,0,0,0,756,4,0,0,0,1,4.0,138.0,128,67,21,0.0,7.0,0.0,0.0,7.0,2.0,19.0,0.0,0.0,0.0,7.0,7.0,1.0,1.0,7.0,4.0,1.0,1.0,0.0,0
194,4.1,10,0,0,0,0,0,0,0,0,0,0,0,0,302,5,0,0,0,1,5.0,35.0,61,22,10,0.0,2.0,0.0,0.0,4.0,1.0,5.0,0.0,0.0,0.0,3.0,2.0,0.0,1.0,2.0,2.0,0.0,0.0,2.0,0
195,1.0,1,0,0,0,0,0,0,0,0,0,0,0,0,472,1,0,0,0,0,4.0,11.0,89,42,18,0.0,3.0,0.0,0.0,5.0,1.0,2.0,0.0,0.0,1.0,6.0,10.0,0.0,4.0,1.0,0.0,0.0,0.0,0.0,0
196,2.14,7,0,0,0,0,0,0,0,0,0,0,0,0,769,2,0,0,0,1,1.0,0.0,138,63,29,0.0,2.0,0.0,1.0,4.0,0.0,11.0,1.0,0.0,1.0,7.0,14.0,7.0,5.0,1.0,0.0,1.0,0.0,1.0,0
197,5.0,5,0,0,0,0,0,0,0,0,0,0,0,0,190,5,0,0,0,1,1.0,0.0,34,17,5,0.0,2.0,0.0,0.0,2.0,0.0,2.0,0.0,0.0,0.0,2.0,0.0,0.0,1.0,0.0,4.0,0.0,1.0,0.0,0
198,5.0,2,0,0,0,0,0,0,0,0,0,0,0,0,99,5,1,0,0,1,1.0,0.0,19,8,2,0.0,3.0,0.0,0.0,0.0,0.0,2.0,0.0,0.0,0.0,0.0,0.0,0.0,1.0,1.0,1.0,0.0,0.0,0.0,0
199,5.0,1,0,0,0,0,0,0,0,0,0,0,0,0,217,5,0,0,0,0,1.0,0.0,39,20,9,0.0,1.0,0.0,0.0,1.0,0.0,5.0,0.0,0.0,0.0,3.0,1.0,1.0,2.0,1.0,2.0,0.0,0.0,0.0,0
